<?xml version="1.0" encoding="utf-8"?>
<extension version="3.0" type="plugin" group="system" method="upgrade">
    <name>Joomla Options zoo</name>
    <author>Fedor Vlasenko</author>
    <creationDate>Mart 2013</creationDate>
    <copyright>Copyright (C) 2013 Fregate Studio.</copyright>
    <license>Non-Commercial</license>
    <authorEmail>vlasenkofedor@mail.ru</authorEmail>
    <authorUrl>fregate.org.ua</authorUrl>
    <version>0.0.1</version>
    <description>Сonfiguration, options in Joomla</description>
    <files>
        <filename plugin="joomla_optionszoo">joomla_optionszoo.php</filename>
        <filename>index.html</filename>
        <filename>behavior.php</filename>
    </files>
</extension>
