<?xml version="1.0" encoding="utf-8"?>
<extension version="3.0" type="plugin" group="system" method="upgrade">
    <name>Joomla Options</name>
    <author>Fedor Vlasenko</author>
    <creationDate>Mart 2013</creationDate>
    <copyright>Copyright (C) 2013 Fregate Studio.</copyright>
    <license>Non-Commercial</license>
    <authorEmail>vlasenkofedor@mail.ru</authorEmail>
    <authorUrl>fregate.org.ua</authorUrl>
    <version>0.0.1</version>
    <description>Сonfiguration, options in Joomla</description>
    <files>
        <filename plugin="joomla_options">joomla_options.php</filename>
        <filename>index.html</filename>
        <filename>behavior.php</filename>
        <filename>bootstrap.php</filename>
        <filename>jquery.php</filename>
    </files>
    <config>
        <fields name="params">
            <fieldset name="basic">
                <field name="disable_mootools" type="radio" class="btn-group" default="0"
                       description="Disable mootools in site" label="Mootools disable">
                    <option value="0">JNO</option>
                    <option value="1">JYES</option>
                </field>
                <field name="disable_jquery" type="radio" class="btn-group" default="0"
                       description="Disable jquery in site" label="Jquery disable">
                    <option value="0">JNO</option>
                    <option value="1">JYES</option>
                </field>
                <field name="disable_bootstrap" type="radio" class="btn-group" default="0"
                       description="Disable bootstrap in site" label="Bootstrap disable">
                    <option value="0">JNO</option>
                    <option value="1">JYES</option>
                </field>
            </fieldset>
        </fields>
    </config>
</extension>
